chemin, paquet, paquet_LOC, paquet_CLOC, paquet_DC, WCP, paquet_BC
jfreechart-master.src.main.java.org.jfree.chart,annotations,5638,2903,0.5148989003192621,257,0.002003497666611915
jfreechart-master.src.main.java.org.jfree.chart,api,1355,832,0.6140221402214022,71,0.008648199158047919
jfreechart-master.src.main.java.org.jfree.chart,axis,17604,8350,0.4743240172688025,1267,3.7436781157758683E-4
jfreechart-master.src.main.java.org.jfree.chart,block,4976,2590,0.5204983922829582,311,0.0016736282710062965
jfreechart-master.src.main.java.org.jfree.chart,date,1326,781,0.5889894419306184,94,0.006265845126921472
jfreechart-master.src.main.java.org.jfree.chart,encoders,741,522,0.7044534412955465,36,0.019568151147098516
jfreechart-master.src.main.java.org.jfree.chart,entity,2577,1572,0.610011641443539,105,0.005809634680414657
jfreechart-master.src.main.java.org.jfree.chart,event,1130,929,0.8221238938053097,8,0.10276548672566371
jfreechart-master.src.main.java.org.jfree.chart,imagemap,648,457,0.7052469135802469,21,0.03358318636096414
jfreechart-master.src.main.java.org.jfree.chart,internal,2143,974,0.4545030331311246,184,0.0024701251800604597
jfreechart-master.src.main.java.org.jfree.chart,labels,5471,3296,0.6024492780113325,383,0.0015729746162175785
jfreechart-master.src.main.java.org.jfree.chart,legend,3352,1701,0.5074582338902148,196,0.002589072621888851
jfreechart-master.src.main.java.org.jfree.chart.plot,compass,2329,1173,0.5036496350364964,164,0.0030710343599786366
jfreechart-master.src.main.java.org.jfree.chart.plot,dial,5540,3079,0.5557761732851986,311,0.001787061650434722
jfreechart-master.src.main.java.org.jfree.chart.plot,flow,755,300,0.3973509933774834,77,0.005160402511395889
jfreechart-master.src.main.java.org.jfree.chart.plot,pie,4329,2100,0.4851004851004851,286,0.0016961555423093883
jfreechart-master.src.main.java.org.jfree.chart,plot,25024,12153,0.48565377237851665,2758,1.7608911253753323E-4
jfreechart-master.src.main.java.org.jfree.chart.renderer,category,12576,5988,0.4761450381679389,973,4.893576959588273E-4
jfreechart-master.src.main.java.org.jfree.chart.renderer,xy,18265,8643,0.4732001094990419,1363,3.471754288327527E-4
jfreechart-master.src.main.java.org.jfree.chart,renderer,5734,3146,0.5486571328915243,2849,1.9257884622377126E-4
jfreechart-master.src.main.java.org.jfree.chart.swing,editor,3417,1545,0.45215100965759436,175,0.0025837200551862534
jfreechart-master.src.main.java.org.jfree.chart,swing,4958,2384,0.48083904800322713,580,8.290328413848744E-4
jfreechart-master.src.main.java.org.jfree.chart.text,format,964,562,0.58298755186722,73,0.007986130847496165
jfreechart-master.src.main.java.org.jfree.chart,text,2234,1139,0.509847806624888,207,0.002463032882245836
jfreechart-master.src.main.java.org.jfree.chart,title,2126,1049,0.49341486359360304,153,0.0032249337489777975
jfreechart-master.src.main.java.org.jfree.chart,urls,1553,949,0.6110753380553767,73,0.008370895041854476
jfreechart-master.src.main.java.org.jfree.chart,util,1672,918,0.5490430622009569,101,0.005436069922781751
jfreechart-master.src.main.java.org.jfree,chart,6541,3278,0.5011466136676349,10016,5.003460599716802E-5
jfreechart-master.src.main.java.org.jfree.data,category,2018,1165,0.5773042616451932,112,0.005154502336117797
jfreechart-master.src.main.java.org.jfree.data,flow,963,557,0.5784008307372793,62,0.009329045657052892
jfreechart-master.src.main.java.org.jfree.data,function,542,366,0.6752767527675276,16,0.04220479704797048
jfreechart-master.src.main.java.org.jfree.data,gantt,2268,1277,0.5630511463844797,88,0.006398308481641815
jfreechart-master.src.main.java.org.jfree.data,general,5118,2845,0.5558812035951544,388,0.001432683514420501
jfreechart-master.src.main.java.org.jfree.data,io,186,95,0.510752688172043,12,0.04256272401433692
jfreechart-master.src.main.java.org.jfree.data.json,impl,720,398,0.5527777777777778,55,0.010050505050505051
jfreechart-master.src.main.java.org.jfree.data,json,187,85,0.45454545454545453,66,0.006887052341597796
jfreechart-master.src.main.java.org.jfree.data,resources,369,297,0.8048780487804879,18,0.044715447154471545
jfreechart-master.src.main.java.org.jfree.data,statistics,5745,3122,0.5434290687554395,299,0.001817488524265684
jfreechart-master.src.main.java.org.jfree.data.time,ohlc,854,520,0.6088992974238876,30,0.02029664324746292
jfreechart-master.src.main.java.org.jfree.data,time,10165,5541,0.5451057550418101,571,9.546510596178811E-4
jfreechart-master.src.main.java.org.jfree.data,xml,1147,703,0.6129032258064516,36,0.017025089605734768
jfreechart-master.src.main.java.org.jfree.data,xy,11546,7241,0.6271435995149836,436,0.001438402751181155
jfreechart-master.src.main.java.org.jfree,data,4735,2744,0.5795142555438226,2385,2.4298291637057552E-4
jfreechart-master.src.test.java.org.jfree.chart,annotations,2037,833,0.40893470790378006,20,0.020446735395189004
jfreechart-master.src.test.java.org.jfree.chart,api,87,41,0.47126436781609193,1,0.47126436781609193
jfreechart-master.src.test.java.org.jfree.chart,axis,5087,1888,0.3711421269903676,50,0.007422842539807351
jfreechart-master.src.test.java.org.jfree.chart,block,2012,757,0.37624254473161034,14,0.02687446748082931
jfreechart-master.src.test.java.org.jfree.chart,entity,809,379,0.4684796044499382,8,0.058559950556242274
jfreechart-master.src.test.java.org.jfree.chart,imagemap,348,230,0.6609195402298851,5,0.13218390804597702
jfreechart-master.src.test.java.org.jfree.chart,internal,539,264,0.4897959183673469,14,0.03498542274052478
jfreechart-master.src.test.java.org.jfree.chart,labels,2503,1133,0.452656811825809,33,0.013716873085630577
jfreechart-master.src.test.java.org.jfree.chart,legend,485,180,0.3711340206185567,11,0.033739456419868794
jfreechart-master.src.test.java.org.jfree.chart.plot,compass,885,518,0.5853107344632769,13,0.0450239026510213
jfreechart-master.src.test.java.org.jfree.chart.plot,dial,1739,733,0.4215066129959747,38,0.011092279289367755
jfreechart-master.src.test.java.org.jfree.chart.plot,flow,242,62,0.256198347107438,1,0.256198347107438
jfreechart-master.src.test.java.org.jfree.chart.plot,pie,875,240,0.2742857142857143,11,0.024935064935064935
jfreechart-master.src.test.java.org.jfree.chart,plot,6376,1868,0.2929736511919699,164,0.0017864247023900602
jfreechart-master.src.test.java.org.jfree.chart.renderer,category,3770,1431,0.3795755968169761,61,0.006222550767491412
jfreechart-master.src.test.java.org.jfree.chart.renderer,xy,4844,1836,0.3790255986787779,73,0.005192131488750382
jfreechart-master.src.test.java.org.jfree.chart,renderer,1656,573,0.34601449275362317,215,0.0016093697337377822
jfreechart-master.src.test.java.org.jfree.chart,swing,417,161,0.38609112709832133,4,0.09652278177458033
jfreechart-master.src.test.java.org.jfree.chart.text,format,347,152,0.43804034582132567,18,0.024335574767851427
jfreechart-master.src.test.java.org.jfree.chart,title,675,371,0.5496296296296296,10,0.054962962962962957
jfreechart-master.src.test.java.org.jfree.chart,urls,785,371,0.4726114649681529,11,0.042964678633468444
jfreechart-master.src.test.java.org.jfree,chart,3822,1536,0.40188383045525905,650,6.18282816085014E-4
jfreechart-master.src.test.java.org.jfree.data,category,1189,349,0.29352396972245587,7,0.041931995674636555
jfreechart-master.src.test.java.org.jfree.data,flow,282,155,0.549645390070922,3,0.18321513002364065
jfreechart-master.src.test.java.org.jfree.data,function,388,212,0.5463917525773195,5,0.1092783505154639
jfreechart-master.src.test.java.org.jfree.data,gantt,1073,348,0.32432432432432434,13,0.02494802494802495
jfreechart-master.src.test.java.org.jfree.data,general,2535,887,0.34990138067061144,28,0.012496477881093265
jfreechart-master.src.test.java.org.jfree.data,statistics,2310,834,0.36103896103896105,22,0.01641086186540732
jfreechart-master.src.test.java.org.jfree.data.time,ohlc,665,267,0.40150375939849625,4,0.10037593984962406
jfreechart-master.src.test.java.org.jfree.data,time,7129,2182,0.30607378313929023,51,0.006001446728221377
jfreechart-master.src.test.java.org.jfree.data,xy,5944,2270,0.38189771197846567,46,0.008302124173444905
jfreechart-master.src.test.java.org.jfree,data,2847,988,0.3470319634703196,214,0.001621644689113643
jfreechart-master.src.main.java.org.jfree.chart,annotations,5638,2903,0.5148989003192621,257,0.002003497666611915
jfreechart-master.src.main.java.org.jfree.chart,api,1355,832,0.6140221402214022,71,0.008648199158047919
jfreechart-master.src.main.java.org.jfree.chart,axis,17604,8350,0.4743240172688025,1267,3.7436781157758683E-4
jfreechart-master.src.main.java.org.jfree.chart,block,4976,2590,0.5204983922829582,311,0.0016736282710062965
jfreechart-master.src.main.java.org.jfree.chart,date,1326,781,0.5889894419306184,94,0.006265845126921472
jfreechart-master.src.main.java.org.jfree.chart,encoders,741,522,0.7044534412955465,36,0.019568151147098516
jfreechart-master.src.main.java.org.jfree.chart,entity,2577,1572,0.610011641443539,105,0.005809634680414657
jfreechart-master.src.main.java.org.jfree.chart,event,1130,929,0.8221238938053097,8,0.10276548672566371
jfreechart-master.src.main.java.org.jfree.chart,imagemap,648,457,0.7052469135802469,21,0.03358318636096414
jfreechart-master.src.main.java.org.jfree.chart,internal,2143,974,0.4545030331311246,184,0.0024701251800604597
jfreechart-master.src.main.java.org.jfree.chart,labels,5471,3296,0.6024492780113325,383,0.0015729746162175785
jfreechart-master.src.main.java.org.jfree.chart,legend,3352,1701,0.5074582338902148,196,0.002589072621888851
jfreechart-master.src.main.java.org.jfree.chart.plot,compass,2329,1173,0.5036496350364964,164,0.0030710343599786366
jfreechart-master.src.main.java.org.jfree.chart.plot,dial,5540,3079,0.5557761732851986,311,0.001787061650434722
jfreechart-master.src.main.java.org.jfree.chart.plot,flow,755,300,0.3973509933774834,77,0.005160402511395889
jfreechart-master.src.main.java.org.jfree.chart.plot,pie,4329,2100,0.4851004851004851,286,0.0016961555423093883
jfreechart-master.src.main.java.org.jfree.chart,plot,25024,12153,0.48565377237851665,2758,1.7608911253753323E-4
jfreechart-master.src.main.java.org.jfree.chart.renderer,category,12576,5988,0.4761450381679389,973,4.893576959588273E-4
jfreechart-master.src.main.java.org.jfree.chart.renderer,xy,18265,8643,0.4732001094990419,1363,3.471754288327527E-4
jfreechart-master.src.main.java.org.jfree.chart,renderer,5734,3146,0.5486571328915243,2849,1.9257884622377126E-4
jfreechart-master.src.main.java.org.jfree.chart.swing,editor,3417,1545,0.45215100965759436,175,0.0025837200551862534
jfreechart-master.src.main.java.org.jfree.chart,swing,4958,2384,0.48083904800322713,580,8.290328413848744E-4
jfreechart-master.src.main.java.org.jfree.chart.text,format,964,562,0.58298755186722,73,0.007986130847496165
jfreechart-master.src.main.java.org.jfree.chart,text,2234,1139,0.509847806624888,207,0.002463032882245836
jfreechart-master.src.main.java.org.jfree.chart,title,2126,1049,0.49341486359360304,153,0.0032249337489777975
jfreechart-master.src.main.java.org.jfree.chart,urls,1553,949,0.6110753380553767,73,0.008370895041854476
jfreechart-master.src.main.java.org.jfree.chart,util,1672,918,0.5490430622009569,101,0.005436069922781751
jfreechart-master.src.main.java.org.jfree,chart,6541,3278,0.5011466136676349,10016,5.003460599716802E-5
jfreechart-master.src.main.java.org.jfree.data,category,2018,1165,0.5773042616451932,112,0.005154502336117797
jfreechart-master.src.main.java.org.jfree.data,flow,963,557,0.5784008307372793,62,0.009329045657052892
jfreechart-master.src.main.java.org.jfree.data,function,542,366,0.6752767527675276,16,0.04220479704797048
jfreechart-master.src.main.java.org.jfree.data,gantt,2268,1277,0.5630511463844797,88,0.006398308481641815
jfreechart-master.src.main.java.org.jfree.data,general,5118,2845,0.5558812035951544,388,0.001432683514420501
jfreechart-master.src.main.java.org.jfree.data,io,186,95,0.510752688172043,12,0.04256272401433692
jfreechart-master.src.main.java.org.jfree.data.json,impl,720,398,0.5527777777777778,55,0.010050505050505051
jfreechart-master.src.main.java.org.jfree.data,json,187,85,0.45454545454545453,66,0.006887052341597796
jfreechart-master.src.main.java.org.jfree.data,resources,369,297,0.8048780487804879,18,0.044715447154471545
jfreechart-master.src.main.java.org.jfree.data,statistics,5745,3122,0.5434290687554395,299,0.001817488524265684
jfreechart-master.src.main.java.org.jfree.data.time,ohlc,854,520,0.6088992974238876,30,0.02029664324746292
jfreechart-master.src.main.java.org.jfree.data,time,10165,5541,0.5451057550418101,571,9.546510596178811E-4
jfreechart-master.src.main.java.org.jfree.data,xml,1147,703,0.6129032258064516,36,0.017025089605734768
jfreechart-master.src.main.java.org.jfree.data,xy,11546,7241,0.6271435995149836,436,0.001438402751181155
jfreechart-master.src.main.java.org.jfree,data,4735,2744,0.5795142555438226,2385,2.4298291637057552E-4
jfreechart-master.src.test.java.org.jfree.chart,annotations,2037,833,0.40893470790378006,20,0.020446735395189004
jfreechart-master.src.test.java.org.jfree.chart,api,87,41,0.47126436781609193,1,0.47126436781609193
jfreechart-master.src.test.java.org.jfree.chart,axis,5087,1888,0.3711421269903676,50,0.007422842539807351
jfreechart-master.src.test.java.org.jfree.chart,block,2012,757,0.37624254473161034,14,0.02687446748082931
jfreechart-master.src.test.java.org.jfree.chart,entity,809,379,0.4684796044499382,8,0.058559950556242274
jfreechart-master.src.test.java.org.jfree.chart,imagemap,348,230,0.6609195402298851,5,0.13218390804597702
jfreechart-master.src.test.java.org.jfree.chart,internal,539,264,0.4897959183673469,14,0.03498542274052478
jfreechart-master.src.test.java.org.jfree.chart,labels,2503,1133,0.452656811825809,33,0.013716873085630577
jfreechart-master.src.test.java.org.jfree.chart,legend,485,180,0.3711340206185567,11,0.033739456419868794
jfreechart-master.src.test.java.org.jfree.chart.plot,compass,885,518,0.5853107344632769,13,0.0450239026510213
jfreechart-master.src.test.java.org.jfree.chart.plot,dial,1739,733,0.4215066129959747,38,0.011092279289367755
jfreechart-master.src.test.java.org.jfree.chart.plot,flow,242,62,0.256198347107438,1,0.256198347107438
jfreechart-master.src.test.java.org.jfree.chart.plot,pie,875,240,0.2742857142857143,11,0.024935064935064935
jfreechart-master.src.test.java.org.jfree.chart,plot,6376,1868,0.2929736511919699,164,0.0017864247023900602
jfreechart-master.src.test.java.org.jfree.chart.renderer,category,3770,1431,0.3795755968169761,61,0.006222550767491412
jfreechart-master.src.test.java.org.jfree.chart.renderer,xy,4844,1836,0.3790255986787779,73,0.005192131488750382
jfreechart-master.src.test.java.org.jfree.chart,renderer,1656,573,0.34601449275362317,215,0.0016093697337377822
jfreechart-master.src.test.java.org.jfree.chart,swing,417,161,0.38609112709832133,4,0.09652278177458033
jfreechart-master.src.test.java.org.jfree.chart.text,format,347,152,0.43804034582132567,18,0.024335574767851427
jfreechart-master.src.test.java.org.jfree.chart,title,675,371,0.5496296296296296,10,0.054962962962962957
jfreechart-master.src.test.java.org.jfree.chart,urls,785,371,0.4726114649681529,11,0.042964678633468444
jfreechart-master.src.test.java.org.jfree,chart,3822,1536,0.40188383045525905,650,6.18282816085014E-4
jfreechart-master.src.test.java.org.jfree.data,category,1189,349,0.29352396972245587,7,0.041931995674636555
jfreechart-master.src.test.java.org.jfree.data,flow,282,155,0.549645390070922,3,0.18321513002364065
jfreechart-master.src.test.java.org.jfree.data,function,388,212,0.5463917525773195,5,0.1092783505154639
jfreechart-master.src.test.java.org.jfree.data,gantt,1073,348,0.32432432432432434,13,0.02494802494802495
jfreechart-master.src.test.java.org.jfree.data,general,2535,887,0.34990138067061144,28,0.012496477881093265
jfreechart-master.src.test.java.org.jfree.data,statistics,2310,834,0.36103896103896105,22,0.01641086186540732
jfreechart-master.src.test.java.org.jfree.data.time,ohlc,665,267,0.40150375939849625,4,0.10037593984962406
jfreechart-master.src.test.java.org.jfree.data,time,7129,2182,0.30607378313929023,51,0.006001446728221377
jfreechart-master.src.test.java.org.jfree.data,xy,5944,2270,0.38189771197846567,46,0.008302124173444905
jfreechart-master.src.test.java.org.jfree,data,2847,988,0.3470319634703196,214,0.001621644689113643
